Tag,Description,Status,Type,System,Responsible,Dimensions,Weight,Voltage,Current,Frequency,IP_Rating
E-80001,High Voltage Switchgear,Active,ACS,80,Company X,1200x3000x2400 mm,2000 kg,145 kV,2000 A,50 Hz,IP54
E-80002,Transformer T1,Operational,TFC,80,Company Y,2500x4000x3100 mm,10500 kg,145 kV,1250 A,50 Hz,IP55
E-80003,Generator G1,Maintenance,GTR,80,Company X,3100x5500x4500 mm,19000 kg,13.8 kV,2100 A,60 Hz,IP23
E-80004,Generator G2,Active,GTR,80,Company X,3200x5600x4600 mm,19500 kg,13.8 kV,2200 A,60 Hz,IP23
E-80005,Power Distribution Unit PDU1,Operational,PDU,80,Company Y,1600x2200x2000 mm,800 kg,400 V,1200 A,50 Hz,IP44
E-80006,UPS Unit 1,Operational,UPS,80,Company X,600x800x1500 mm,300 kg,240 V,750 A,60 Hz,IP20
E-80007,High Voltage Cable HV1,Operational,CBL,80,Company Z,NA,5000 kg/km,145 kV,NA,50 Hz,NA
E-80008,Diesel Generator DG1,Active,DG,80,Company X,3300x7000x4000 mm,22000 kg,415 V,1500 A,50 Hz,IP23
E-80009,Power Management System,Operational,PMS,80,Company Y,NA,NA,NA,NA,NA,IP00
E-80101,Main Switchboard MSB1,Scheduled for overhaul,MSB,80,Company X,6000x3000x2100 mm,12000 kg,400 V,3000 A,50 Hz,IP22
E-82001,Low Voltage Switchgear LV1,Active,LVS,82,Company Y,1100x2500x2000 mm,1500 kg,400 V,1000 A,50 Hz,IP54
E-82002,Auxiliary Transformer T2,Operational,ATF,82,Company Z,1500x2500x2200 mm,6000 kg,6.6 kV,800 A,60 Hz,IP55
E-82003,Frequency Converter FC1,Operational,FRC,82,Company X,600x800x1500 mm,100 kg,240/400 V,150 A,0-60 Hz,IP21
E-82004,Motor Control Center MCC1,Active,MCC,82,Company X,5000x2200x2400 mm,2500 kg,400 V,2500 A,50 Hz,IP54
E-82005,Soft Starter Panel SSP1,Active,SSP,82,Company Y,1200x2000x1800 mm,500 kg,400 V,800 A,50 Hz,IP54
E-82006,Lighting Panel LP1,Operational,LPA,82,Company Z,800x1200x1800 mm,200 kg,240 V,150 A,50 Hz,IP65
E-82007,Low Voltage Cable LVC1,Active,CBL,82,NA,NA,3000 kg/km,0.6 kV,NA,50 Hz,NA
E-82008,Variable Speed Drive VSD1,Scheduled for upgrade,VSD,82,Company X,700x1500x1800 mm,350 kg,400 V,600 A,Variable,IP21
E-85001,Fire Water Pump P1,Operational,PMP,85,Company Y,1800x2800x1500 mm,1200 kg,NA,NA,NA,NA
E-85002,Fire Water Jockey Pump JP1,Active,JPMP,85,Company X,800x1200x800 mm,250 kg,NA,NA,NA,NA
E-85003,Fire Detection System FDS1,Operational,FDS,85,Company Z,NA,NA,24 V,NA,NA,IP20
E-85004,Fire & Gas Panel FGP1,Operational,FGP,85,Company Y,600x800x1500 mm,100 kg,NA,NA,NA,NA
E-85005,Portable Fire Extinguisher FXT1,Active,FXT,85,Company X,NA,10 kg,NA,NA,NA,NA
E-85006,Gas Detection System GDS1,Operational,GDS,85,Company Z,NA,NA,24 V,NA,NA,IP20
E-85007,Deluge Valve DV1,Scheduled for maintenance,DV,85,Company Y,500x800x500 mm,150 kg,NA,NA,NA,NA
E-85008,Fire Hose Reel FHR1,Active,FHR,85,Company Z,400x600x200 mm,30 kg,NA,NA,NA,NA
E-89001,Demineralized Water System DWS1,Active,DWS,89,Company X,1800x2800x2000 mm,1000 kg,NA,NA,NA,NA
E-89002,Nitrogen Generation Plant NGP1,Operational,NGP,89,Company Y,2400x4000x3200 mm,3800 kg,230 V,100 A,50 Hz,IP54
E-89003,Oily Water Separator OWS1,Operational,OWS,89,Company Z,2000x1800x1500 mm,750 kg,NA,NA,NA,NA
E-89004,Chemical Injection Skid CIS1,Active,CIS,89,Company X,1500x1500x1800 mm,600 kg,220 V,10 A,50 Hz,IP65
E-89005,Bilge Water Separator BWS1,Operational,BWS,89,Company Z,1600x2400x1800 mm,700 kg,NA,NA,NA,NA
E-89006,Flare Ignition System FIS1,Operational,FIS,89,Company Y,800x800x1200 mm,120 kg,240 V,5 A,60 Hz,IP66
E-89007,Drilling Mud Treatment Plant DMTP1,Active,DMTP,89,Company X,3200x5000x3400 mm,8500 kg,NA,NA,NA,NA
E-89008,Produced Water Treatment PWT1,Operational,PWT,89,Company Y,2800x4600x2500 mm,6200 kg,NA,NA,NA,NA
E-89009,Waste Compactor WC1,Operational,WC,89,Company Z,1000x1200x1800 mm,500 kg,400 V,15 A,50 Hz,IP55
HV-80001,High Voltage Transformer,Operational,Power Transformer,80,Company X,3500x2500x3000 mm,5000 kg,145 kV,1500 A,50 Hz,IP55
HV-80002,Generator Circuit Breaker,Active,Circuit Breaker,80,Company X,1500x1500x2500 mm,1000 kg,145 kV,800 A,50 Hz,IP54
HV-80003,Main Isolation Switch,Operational,Disconnector Switch,80,Company X,1000x2000x1500 mm,500 kg,145 kV,2000 A,50 Hz,IP54
HV-80004,Step-down Transformer,Maintenance,Potential Transformer,80,Company X,2000x1500x2000 mm,1600 kg,33 kV,1200 A,50 Hz,IP55
LV-81001,Low Voltage Distribution Board,Operational,Switchboard,81,Company X,2000x600x2000 mm,800 kg,400 V,2500 A,50 Hz,IP54
LV-81002,Uninterruptible Power Supply,Operational,UPS,81,Company X,1600x800x1800 mm,450 kg,400 V,100 A,50 Hz,IP20
LV-81003,AC Motor Starter Panel,Operational,Motor Control Center,81,Company X,2400x600x2200 mm,1000 kg,400 V,350 A,50 Hz,IP54
LV-81004,Power Factor Correction Unit,Operational,Capacitor Bank,81,Company X,1800x600x1800 mm,600 kg,400 V,200 A,50 Hz,IP54
DR-82001,Drilling Motor,Active,AC Motor,82,Company X,800x300x400 mm,350 kg,690 V,500 A,60 Hz,IP56
DR-82002,Mud Pump Motor,Active,AC Motor,82,Company X,1200x500x600 mm,750 kg,690 V,800 A,60 Hz,IP56
DR-82003,Top Drive,Active,Top Drive System,82,Company X,2500x1500x2500 mm,4500 kg,690 V,1000 A,60 Hz,IP56
DR-82004,Drawworks,Active,Drawworks,82,Company X,4000x3000x2500 mm,12000 kg,690 V,2000 A,60 Hz,IP56
PR-83001,Centrifugal Compressor,Maintenance,Centrifugal Compressor,83,Company X,3000x2500x2000 mm,7000 kg,NA,NA,NA,IP55
PR-83002,Gas Turbine,Operational,Gas Turbine,83,Company X,5000x4500x3500 mm,12000 kg,NA,NA,NA,IP55
PR-83003,Process Heater,Troubleshooting,Heater,83,Company X,2000x1500x2000 mm,2500 kg,NA,NA,NA,IP55
PR-83004,Pressure Vessel,Operational,Pressure Vessel,83,Company X,3500x3500x5000 mm,8000 kg,NA,NA,NA,IP55
SA-84001,Fire Water Pump,Active,Fire Fighting Equipment,84,Company X,1500x1000x1500 mm,1200 kg,NA,NA,NA,IP56
SA-84002,Gas Detection System,Operational,Gas Detector,84,Company X,500x500x200 mm,15 kg,24 VDC,100 mA,NA,IP66
SA-84003,Emergency Generator,Operational,Diesel Generator,84,Company X,3500x1500x2500 mm,3500 kg,480 V,60 Hz,60 Hz,IP56
SA-84004,Lifeboat,Troubleshooting,Safety Lifeboat,84,Company X,6000x2500x3000 mm,4200 kg,NA,NA,NA,IP67
NA-85001,Navigation Radar,Active,Radar System,85,Company X,500x500x1000 mm,50 kg,240 VAC,0.5 A,60 Hz,IP56
NA-85002,GMDSS Radio,Maintenance,Global Maritime Distress and Safety System,85,Company X,400x300x200 mm,8 kg,24 VDC,0.3 A,NA,IP65
NA-85003,Differential GPS,Operational,Satellite Navigation System,85,Company X,300x200x100 mm,1.5 kg,12 VDC,0.75 A,NA,IP65
NA-85004,Gyro Compass,Operational,Gyro Compass,85,Company X,500x500x500 mm,20 kg,24 VDC,2 A,NA,IP65
FA-86001,Flare Ignition System,Active,Ignition System,86,Company X,1500x800x1200 mm,200 kg,110 VAC,10 A,60 Hz,IP66
FA-86002,Vapor Recovery Unit,Troubleshooting,Vapor Recovery,86,Company X,2500x2000x2500 mm,3200 kg,NA,NA,NA,IP55
FA-86003,Fuel Gas Skid,Operational,Fuel Gas Treatment,86,Company X,3000x1500x1500 mm,2500 kg,NA,NA,NA,IP55
FA-86004,Gas Flare Stack,Operational,Flare Stack,86,Company X,500 mm Diameterx30000 mm,8000 kg,NA,NA,NA,IP55
DS-87001,Drill String Component,Active,Drilling Equipment,87,Company X,8000x300x300 mm,1500 kg,NA,NA,NA,IP65
DS-87002,Drilling Jar,Maintenance,Drilling Tools,87,Company X,3000x250x250 mm,300 kg,NA,NA,NA,IP65
DS-87003,Reamer,Maintenance,Drilling Tools,87,Company X,1000x200x200 mm,100 kg,NA,NA,NA,IP65
DS-87004,Drill Bit,Operational,Drilling Bit,87,Company X,500x500x400 mm,250 kg,NA,NA,NA,IP65
CO-88001,Offshore Crane,Operational,Crane,88,Company X,6000x2400x7000 mm,22000 kg,NA,NA,NA,IP55
CO-88002,Helicopter Deck Lighting,Active,Aviation Lighting,88,Company X,300x300x150 mm,5 kg,240 VAC,0.2 A,50 Hz,IP66
CO-88003,Lifting Gear,Troubleshooting,Lifting Equipment,88,Company X,Variable,Variable,NA,NA,NA,IP65
CO-88004,Floodlight Tower,Operational,Illumination System,88,Company X,500 mm Diameterx12000 mm,1500 kg,240 VAC,5 A,50 Hz,IP66
ND-89001,Bilge Water Separator,Operational,Water Treatment,89,Company X,2000x1000x1500 mm,600 kg,NA,NA,NA,IP55
ND-89002,Freshwater Maker,Troubleshooting,Water Production,89,Company X,1500x750x1200 mm,500 kg,NA,NA,NA,IP54
ND-89003,Laboratory Equipment,Maintenance,Testing Equipment,89,Company X,Variable,Variable,NA,NA,NA,IP50
ND-89004,Workshop Machinery,Operational,Machine Tools,89,Company X,Variable,Variable,NA,NA,NA,IP50
E-80001,High Voltage Switchgear,Active,Switchgear,80,Company X,2200x3500x2600 mm,3150 kg,145 kV,3150 A,60 Hz,IP54
E-80002,Diesel Generator Set,Operational,Generator,80,Area Y,4000x2000x2200 mm,8500 kg,15 kV,300 A,60 Hz,IP55
E-80003,Transformer,Active,Transformer,80,Company X,3500x2500x3000 mm,10000 kg,230 kV,500 A,50 Hz,IP54
E-80004,Gas Turbine Generator,Operational,Turbine,80,Area Z,5500x4600x3200 mm,12000 kg,13.8 kV,200 A,50 Hz,IP55
E-81001,Power Distribution Panel,Active,Panelboard,81,Company X,800x600x2200 mm,380 kg,0.4 kV,800 A,50 Hz,IP52
E-81002,Junction Box,Maintenance Required,Junction Box,81,Area Y,200x300x150 mm,5 kg,400 V,100 A,60 Hz,IP55
E-81003,Circuit Breaker Panel,Scheduled for Inspection,Panelboard,81,Company A,600x2100x600 mm,150 kg,11 kV,250 A,50 Hz,IP54
E-82001,Battery Charger,Active,Charger,82,Company X,500x400x200 mm,25 kg,230 V,10 A,50 Hz,IP20
E-82002,Uninterruptible Power Supply,Operational,UPS,82,Area Z,600x1000x300 mm,50 kg,220 V,15 A,60 Hz,IP21
E-82003,DC Power Supply Unit,Maintenance Required,DC Power,82,Company B,400x300x150 mm,12 kg,24 V,50 A,DC,IP20
E-83001,Low Voltage Switchgear,Operational,Switchgear,83,Company Y,1800x3200x1600 mm,2500 kg,0.69 kV,4000 A,60 Hz,IP54
E-83002,Soft Starter,Active,Starter,83,Area Y,800x600x400 mm,75 kg,400 V,250 A,50 Hz,IP21
E-83003,Variable Frequency Drive,Operational,VFD,83,Company C,600x500x300 mm,40 kg,400 V,50 A,50 Hz,IP20
E-84001,Emergency Shutdown Panel,Scheduled for Inspection,Control Panel,84,Company X,800x600x2100 mm,320 kg,24 VDC,N/A,DC,IP55
E-84002,Programmable Logic Controller,Operational,PLC,84,Area B,400x300x200 mm,15 kg,24 VDC,N/A,DC,IP20
E-85001,Fire & Gas Detection Panel,Active,Control Panel,85,Company Y,800x600x2200 mm,350 kg,24 VDC,N/A,DC,IP54
E-85002,Pressure Transmitter,Operational,Transmitter,85,Area Z,100x150x130 mm,1.5 kg,24 VDC,4-20 mA,DC,IP67
E-86001,Bilge Water Separator,Active,Separator,86,Company Z,2800x1600x1400 mm,1200 kg,N/A,N/A,N/A,IP55
E-86002,Oil Discharge Monitoring Equipment,Operational,Monitor,86,Area G,800x600x400 mm,55 kg,220 V,2 A,60 Hz,IP66
E-87001,Dosing Pump,Operational,Pump,87,Company A,700x500x300 mm,60 kg,230 V,1.5 A,50 Hz,IP55
E-87002,Chemical Injection Skid,Active,Chemical Skid,87,Area C,3000x2000x1500 mm,2800 kg,N/A,N/A,N/A,IP54
E-88001,Offshore Crane,Scheduled for Maintenance,Crane,88,Company D,20000x6000x7000 mm,64000 kg,N/A,N/A,N/A,IP56
E-88002,Manifold System,Active,Manifold,88,Area H,6000x2300x2000 mm,7500 kg,N/A,N/A,N/A,IP54
E-89001,Flexible Hose,Operational,Hose,89,Company X,15000 mm length x 100 mm dia.,150 kg,N/A,N/A,N/A,IP68
E-89002,Custom Equipment A,Maintenance Required,Specialized,89,Area Y,Varies with design,Varies with design,N/A,N/A,N/A,IP Rating varies
E-80001,High Voltage Switchgear,Active,Switchgear,80,Company X,1200x3000x2400 mm,2000 kg,145 kV,2000 A,50 Hz,IP54
E-80002,Power Transformer T1,Active,Transformer,80,Company X,2500x5000x3000 mm,10000 kg,145 kV,1500 A,50 Hz,IP54
E-80003,Power Transformer T2,Active,Transformer,80,Company X,2500x5000x3000 mm,10000 kg,145 kV,1500 A,50 Hz,IP54
E-80004,High Voltage Circuit Breaker,Active,Circuit Breaker,80,Company X,1500x2500x2000 mm,3000 kg,145 kV,2000 A,50 Hz,IP54
E-80005,Main Power Distribution Panel,Active,Distribution Panel,80,Company X,2000x3000x600 mm,1800 kg,145 kV,2000 A,50 Hz,IP56
E-80006,Main Power Generation Unit,Active,Generation Unit,80,Company X,4000x10000x3000 mm,20000 kg,145 kV,2000 A,50 Hz,IP55
E-80007,Backup Power Generator,Active,Generator,80,Company X,3000x6000x3000 mm,15000 kg,145 kV,2000 A,50 Hz,IP54
E-80008,High Voltage Surge Arrestor,Active,Surge Arrestor,80,Company X,500x1000x500 mm,120 kg,145 kV,NA,50 Hz,IP54
E-80009,High Voltage Disconnect,Active,Disconnect Switch,80,Company X,1200x2500x1500 mm,700 kg,145 kV,2000 A,50 Hz,IP54
E-80010,High Voltage Jumper,Active,Jumper,80,Company X,NA,NA,145 kV,2000 A,50 Hz,IP54
E-81001,Diesel Generator Set,Active,Generator Set,81,Company X,3500x8000x3500 mm,12000 kg,11 kV,NA,50 Hz,IP23
E-81002,Emergency Power Distribution Panel,Active,Distribution Panel,81,Company X,2000x2500x600 mm,800 kg,11 kV,800 A,50 Hz,IP56
E-81003,UPS System,Active,Uninterruptible Power Supply,81,Company X,1200x2000x1000 mm,500 kg,230 V,500 A,50 Hz,IP22
E-82001,Low Voltage Power Panel,Active,Power Panel,82,Company X,1600x2000x600 mm,500 kg,400 V,800 A,50 Hz,IP55
E-82002,Low Voltage Motor Control Center,Active,Motor Control Center,82,Company X,2000x6000x1800 mm,1800 kg,400 V,1000 A,50 Hz,IP54
E-82003,Low Voltage Circuit Breaker Panel,Active,Circuit Breaker Panel,82,Company X,1600x2500x600 mm,700 kg,400 V,1200 A,50 Hz,IP54
E-82004,Lighting Distribution Panel,Active,Distribution Panel,82,Company X,800x1200x400 mm,200 kg,230 V,400 A,50 Hz,IP54
E-83001,Firewater Pump Motor,Active,Electric Motor,83,Company X,800x1200x800 mm,300 kg,400 V,300 A,50 Hz,IP55
E-83002,Firewater Jockey Pump Motor,Active,Electric Motor,83,Company X,500x800x500 mm,100 kg,400 V,150 A,50 Hz,IP55
E-83003,Firewater Pump Controller,Active,Controller,83,Company X,600x800x300 mm,50 kg,230 V,10 A,50 Hz,IP55
M-84001,HVAC Air Handling Unit,Active,Air Handling Unit,84,Company X,2000x4000x2000 mm,1000 kg,NA,NA,NA,IP44
M-84002,HVAC Chiller Unit,Active,Chiller,84,Company X,2500x8000x2500 mm,5000 kg,NA,NA,NA,IP44
M-84003,Room Air Conditioner,Active,AC Unit,84,Company X,500x1000x500 mm,50 kg,230 V,5 A,50 Hz,IP24
P-85001,Centrifugal Compressor,Active,Compressor,85,Company X,1500x3000x1500 mm,4000 kg,NA,NA,NA,IP54
P-85002,Gas Turbine Generator,Active,Gas Turbine,85,Company X,4000x8000x4000 mm,20000 kg,NA,NA,NA,IP55
P-85003,Cooling Tower,Active,Cooling System,85,Company X,6000x6000x12000 mm,8000 kg,NA,NA,NA,IP56
I-86001,Instrument Air Compressor,Active,Air Compressor,86,Company X,1500x2000x1200 mm,1200 kg,NA,NA,NA,IP54
I-86002,Process Control Panel,Active,Control Panel,86,Company X,600x1000x300 mm,100 kg,24 V DC,10 A,NA,IP65
I-86003,Pressure Transmitter,Active,Transmitter,86,Company X,200x200x150 mm,2 kg,24 V DC,NA,NA,IP67
I-86004,Temperature Gauge,Active,Gauge,86,Company X,100x100x80 mm,0.5 kg,NA,NA,NA,IP54
I-86005,Level Sensor,Active,Sensor,86,Company X,150x500x150 mm,1 kg,24 V DC,NA,NA,IP68
I-86006,Flow Meter,Active,Meter,86,Company X,200x400x200 mm,10 kg,24 V DC,NA,NA,IP65
E-87001,Electrical Heat Tracing Panel,Active,Heat Tracing Panel,87,Company X,1200x2000x600 mm,300 kg,400 V,500 A,50 Hz,IP55
E-87002,Electrical Heating Cable,Active,Heating Cable,87,Company X,NA,NA,230 V,NA,NA,IP67
E-87003,Heated Insulation Blanket,Active,Heating Blanket,87,Company X,1000x2000 mm,5 kg,230 V,NA,NA,IP65
S-88001,Steel Structural Frame,Active,Structure,88,Company X,10000x12000x10000 mm,20000 kg,NA,NA,NA,NA
S-88002,Piping Rack Structure,Active,Structure,88,Company X,8000x12000x8000 mm,15000 kg,NA,NA,NA,NA
S-88003,Handrail and Walkways System,Active,Access System,88,Company X,NA,NA,NA,NA,NA,NA
N-89001,Modular Office Building,Active,Modular Building,89,Company X,12000x24000x3000 mm,30000 kg,NA,NA,NA,NA
N-89002,Temporary Construction Equipment,Active,Construction Equipment,89,Company X,NA,NA,NA,NA,NA,NA
N-89003,Specialized Tool Kit,Active,Tool Kit,89,Company X,NA,NA,NA,NA,NA,NA
E-80001,High Voltage Switchgear,Operational,Switchgear,80,Company X,1200x3000x2400 mm,2000 kg,145 kV,2000 A,50 Hz,IP54
E-80002,Transformator T1,Operational,Transformer,80,Company X,2000x5000x4000 mm,12000 kg,145 kV,1500 A,50 Hz,IP44
E-80003,Generator G1,Operational,Generator,81,Company X,3000x6000x3000 mm,15000 kg,11 kV,2150 A,60 Hz,IP23
E-80004,Medium Voltage Switchboard,Operational,Switchboard,82,Company X,1500x4000x2000 mm,5000 kg,34.5 kV,850 A,50 Hz,IP54
E-80005,Distribution Transformer DT2,Maintenance,Transformer,83,Company X,1500x3000x2500 mm,8000 kg,34.5 kV,1200 A,60 Hz,IP44
E-80006,Emergency Diesel Generator,Operational,Generator,84,Company X,2500x5000x3000 mm,9000 kg,690 V,2000 A,50 Hz,IP23
E-80007,Battery Charger BC1,Operational,Battery Charger,85,Company X,800x1200x600 mm,200 kg,480 V,50 A,50 Hz,IP22
E-80008,Ups System U1,Operational,UPS,86,Company X,1600x2000x1900 mm,1000 kg,400 V,250 A,50 Hz,IP21
E-80009,Power Management System,Maintenance,Control System,87,Company X,600x800x1800 mm,300 kg,240 V,10 A,50 Hz,IP20
E-80010,Low Voltage Distribution Panel,Operational,Distribution Panel,88,Company X,700x2000x2100 mm,600 kg,400 V,600 A,50 Hz,IP54
E-80011,Heat Trace Panel HTP1,Operational,Control Panel,88,Company X,500x1500x1900 mm,300 kg,230 V,40 A,50 Hz,IP66
E-80012,Motor Control Center MCC1,Operational,MCC,82,Company X,2000x6000x2200 mm,8000 kg,1.1 kV,1200 A,60 Hz,IP54
E-80013,Variable Frequency Drive V1,Operational,VFD,82,Company X,1000x2000x1900 mm,700 kg,690 V,400 A,50 Hz,IP55
E-80014,Standby Generator G2,In Repair,Generator,81,Company X,3000x6000x3000 mm,16000 kg,11 kV,2000 A,60 Hz,IP23
E-80015,Local Control Station LCS1,Operational,Control Station,89,Company X,500x700x400 mm,120 kg,24 V,10 A,DC,IP66
E-80016,Fire and Gas Detection System,Operational,FGD,87,Company X,600x800x1800 mm,250 kg,24 V,5 A,DC,IP65
E-80017,Power Factor Correction PFC1,Operational,PFC,85,Company X,800x1200x600 mm,500 kg,400 V,300 A,50 Hz,IP43
E-80018,Lighting Distribution Panel LDP1,Operational,Distribution Panel,88,Company X,500x1500x2000 mm,400 kg,230 V,200 A,50 Hz,IP65
E-80019,Uninterruptible Power Supply UPS2,Maintenance,UPS,86,Company X,1100x2000x1900 mm,1000 kg,230 V,300 A,50 Hz,IP21
E-80020,Solar Inverter SI1,Operational,Inverter,89,Company X,600x1200x400 mm,150 kg,48 V,60 A,DC,IP68
E-80021,High Bay Lighting Fixture HBL1,Operational,Lighting Fixture,89,Company X,300x1200x100 mm,5 kg,110 V,0.5 A,50 Hz,IP67
E-80022,Circuit Breaker CB1,Operational,Breaker,82,Company X,400x600x300 mm,30 kg,11 kV,1250 A,50 Hz,IP54
E-80023,Soft Starter SS1,Operational,Soft Starter,82,Company X,600x800x400 mm,40 kg,400 V,300 A,50 Hz,IP54
E-80024,Control Relay Panel CRP1,Operational,Relay Panel,87,Company X,400x600x200 mm,25 kg,230 V,10 A,50 Hz,IP66
E-80025,Frequency Converter FC1,Operational,Converter,85,Company X,800x1000x600 mm,75 kg,400 V,150 A,60 Hz,IP55
E-80026,Explosion Proof Junction Box EPJB1,Operational,Junction Box,89,Company X,300x300x200 mm,15 kg,230 V,20 A,DC,IP66
E-80027,Induction Motor IM1,Operational,Induction Motor,82,Company X,900x1200x800 mm,780 kg,400 V,150 A,50 Hz,IP55
E-80028,Pressure Transmitter PT1,Operational,Transmitter,87,Company X,100x140x120 mm,1.5 kg,24 V,20 mA,DC,IP67
E-80029,Flow Meter FM1,Operational,Flow Meter,87,Company X,250x300x150 mm,6 kg,24 V,4-20 mA,DC,IP68
E-80030,Temperature Controller TC1,Operational,Controller,87,Company X,160x160x80 mm,0.8 kg,24 V,10 A,DC,IP65
E-80031,Programmable Logic Controller PLC1,Operational,PLC,87,Company X,600x800x300 mm,20 kg,24 V,2 A,DC,IP20
E-80032,HVAC Control Panel HCP1,Operational,HVAC Panel,87,Company X,800x1200x600 mm,300 kg,230 V,15 A,50 Hz,IP54
E-80033,Surge Protection Device SPD1,Operational,Surge Protector,89,Company X,100x200x150 mm,3 kg,400 V,40 kA,50 Hz,IP20
E-80034,Gas Detection Panel GDP1,Operational,Detection Panel,87,Company X,400x600x200 mm,22 kg,24 V,100 mA,DC,IP66
E-80035,Navigation Lighting Panel NLP1,Operational,Lighting Panel,88,Company X,300x500x200 mm,15 kg,110 V,10 A,50 Hz,IP56
E-80036,Auto Transformer AT1,Operational,Transformer,82,Company X,1200x1800x1300 mm,1300 kg,34.5 kV,850 A,50 Hz,IP00
E-80037,Capacitor Bank CB2,Operational,Capacitor,85,Company X,2000x5000x1500 mm,5000 kg,400 V,600 A,50 Hz,IP00
E-80038,Galvanic Isolator GI1,Operational,Isolator,89,Company X,150x250x130 mm,2 kg,24 V,1 A,DC,IP68
E-80039,Instrument Air Compressor IAC1,Operational,Compressor,83,Company X,1500x2500x1800 mm,850 kg,400 V,10 A,50 Hz,IP65
E-80040,Pneumatic Actuator PA1,Operational,Actuator,87,Company X,300x300x400 mm,25 kg,N/A,N/A,N/A,IP66
E-80041,Safety Shut-Down System SSDS1,Operational,Shutdown System,89,Company X,800x1200x400 mm,150 kg,24 V,1 A,DC,IP55
E-80042,Power Supply Module PSM1,Operational,Power Supply,87,Company X,200x300x100 mm,5 kg,24 V,5 A,DC,IP30
E-80043,Busbar System BB1,Operational,Busbar,80,Company X,300x5000x300 mm,120 kg,11 kV,3000 A,50 Hz,IP00
E-80044,Cable Tray System CT1,Installation,Tray,88,Company X,Variable Sizes,Variable Weights,N/A,N/A,N/A,N/A
E-80045,Level Switch LS1,Operational,Switch,87,Company X,100x100x150 mm,0.5 kg,24 V,0.2 A,DC,IP67
E-80046,Flame Detector FD1,Operational,Detector,87,Company X,120x160x90 mm,1.2 kg,24 V,50 mA,DC,IP66
E-80047,Smoke Detector SD1,Operational,Detector,87,Company X,100x100x50 mm,0.3 kg,24 V,70 mA,DC,IP42
E-80048,Floodlight FL1,Operational,Lighting,88,Company X,400x300x250 mm,9 kg,230 V,0.8 A,50 Hz,IP65
E-80049,Pressure Gauge PG1,Operational,Gauge,87,Company X,150x150x80 mm,0.6 kg,N/A,N/A,N/A,IP54
E-80050,Horn Hooter HH1,Operational,Hooter,89,Company X,100x100x200 mm,1 kg,24 V,0.5 A,DC,IP66
E-80001,High Voltage Switchgear,Active,Switchgear,80,Company X,1200x3000x2400 mm,2000 kg,145 kV,2000 A,50 Hz,IP54
E-80002,Diesel Generator Set,Operational,Generator,81,Company Y,3500x1500x2000 mm,5000 kg,600 V,500 A,60 Hz,IP23
T-81001,Transformer Unit,Active,Transformer,81,Company X,2500x2000x1500 mm,10000 kg,33 kV,1500 A,50 Hz,IP55
D-82001,AC/DC Distribution Panel,Maintenance,Distribution Board,82,Company Z,800x600x2200 mm,750 kg,440 V,1600 A,60 Hz,IP52
L-83001,Lighting Panel,Operational,Panel,83,Company X,600x600x2100 mm,300 kg,230 V,400 A,50 Hz,IP44
C-84001,Cable Junction Box,Active,Junction Box,84,Company Y,400x400x400 mm,25 kg,110 V,100 A,50 Hz,IP66
P-85001,Power Management System,Commissioning,Control System,85,Company Z,1200x800x1800 mm,480 kg,110 V,20 A,60 Hz,IP21
B-86001,Backup UPS,Active,UPS,86,Company X,600x800x1500 mm,200 kg,240 V,50 A,50 Hz,IP22
I-87001,Instrument Power Supply,Operational,Power Supply,87,Company Y,300x500x700 mm,15 kg,24 V,10 A,DC,IP20
V-88001,Voltage Converter,Active,Converter,88,Company X,200x300x500 mm,10 kg,240 V to 24 V,5 A,AC/DC,IP30
E-88002,Electrical Heat Tracing,Operational,Heating,88,Company Z,1000x10 mm,5 kg/m,110 V,15 A,AC,IP55
M-89001,Motor Operated Valve,Active,Actuator,89,Company Y,500x600x400 mm,150 kg,400 V,6 A,60 Hz,IP66
R-89002,Remote IO Panel,Commissioning,Panel,89,Company X,800x500x200 mm,60 kg,24 V,5 A,DC,IP65
S-89003,Pneumatic Solenoid Valves,Active,Valve,89,Company Z,100x150x100 mm,2 kg,24 V,1 A,DC,IP67
F-89004,Flame Detector,Operational,Sensor,89,Company Y,150x100x100 mm,1.5 kg,24 V,500 mA,DC,IP44
G-89005,Gas Detector,Active,Sensor,89,Company X,160x160x90 mm,1.2 kg,24 V,400 mA,DC,IP54
H-89006,Pressure Transmitter,Commissioning,Transmitter,89,Company Z,100x80x120 mm,0.8 kg,24 V,20 mA,DC,IP66
T-89007,Temperature Sensor,Active,Sensor,89,Company Y,200x50x50 mm,0.5 kg,24 V,10 mA,DC,IP68
L-89008,Level Transmitter,Operational,Transmitter,89,Company X,250x100x120 mm,1 kg,24 V,4-20 mA,DC,IP67
E-89009,Emergency Lighting,Active,Lighting,89,Company Z,300x200x100 mm,2.5 kg,110 V,1 A,50 Hz,IP65
S-89010,Smoke Detector,Operational,Sensor,89,Company Y,100x100x50 mm,0.3 kg,24 V,200 mA,DC,IP30
A-89011,Air Quality Sensor,Active,Sensor,89,Company X,120x120x80 mm,0.6 kg,24 V,150 mA,DC,IP42
W-89012,Water Quality Monitor,Commissioning,Monitor,89,Company Z,300x200x150 mm,2 kg,24 V,250 mA,DC,IP68
B-89013,Boiler Control System,Active,Control System,89,Company Y,1800x600x2000 mm,400 kg,120 V,15 A,60 Hz,IP54
P-89014,Purification System Controller,Operational,Controller,89,Company X,800x400x1200 mm,120 kg,24 V,2 A,DC,IP65
N-89015,Nitrogen Generator,Active,Generator,89,Company Z,2500x1500x2500 mm,3500 kg,240 V,15 A,50 Hz,IP55
O-89016,Oxygen Analyzer,Operational,Analyzer,89,Company Y,200x150x150 mm,3 kg,24 V,250 mA,DC,IP50
F-89017,Flow Controller,Active,Controller,89,Company X,250x200x180 mm,2.2 kg,24 V,20 mA,DC,IP65
P-89018,Pressure Relief Valve,Operational,Valve,89,Company Z,300x300x300 mm,12 kg,NA,NA,NA,IP66
E-89019,Electric Actuator,Commissioning,Actuator,89,Company Y,400x350x300 mm,20 kg,120 V,4 A,60 Hz,IP68
S-89020,Steam Trap,Active,Trap,89,Company X,200x200x150 mm,5 kg,N/A,N/A,N/A,IP54
V-89021,Vibration Monitor,Operational,Monitor,89,Company Z,300x300x100 mm,1.5 kg,24 V,100 mA,DC,IP66
L-89022,Lubrication Oil Pump,Active,Pump,89,Company Y,500x400x350 mm,30 kg,120 V,3 A,60 Hz,IP55
C-89023,Chiller Unit,Operational,Chiller,89,Company X,2200x1000x1500 mm,500 kg,380 V,30 A,50 Hz,IP44
H-89024,Heat Exchanger,Maintenance,Heat Exchanger,89,Company Z,2000x800x600 mm,800 kg,NA,NA,NA,IP32
G-89025,Gearbox Assembly,Commissioning,Gearbox,89,Company Y,400x300x400 mm,100 kg,NA,NA,NA,IP54
D-89026,Desalination Unit,Active,Desalination,89,Company X,4000x2000x3000 mm,10000 kg,440 V,20 A,60 Hz,IP56
R-89027,Rotary Pump,Operational,Pump,89,Company Z,600x500x400 mm,80 kg,240 V,2 A,60 Hz,IP65
S-89028,Screw Compressor,Active,Compressor,89,Company Y,1200x800x1000 mm,250 kg,380 V,30 A,50 Hz,IP55
T-89029,Turbocharger,Commissioning,Turbo,89,Company X,700x500x400 mm,50 kg,NA,NA,NA,IP66
C-89030,Centrifugal Compressor,Operational,Compressor,89,Company Z,1800x1500x1500 mm,1500 kg,415 V,45 A,50 Hz,IP55
B-89031,Bag Filter System,Active,Filter,89,Company Y,1000x800x1200 mm,200 kg,NA,NA,NA,IP54
W-89032,Wastewater Treatment Plant,Operational,Treatment Plant,89,Company X,5000x4000x3000 mm,20000 kg,380 V,100 A,50 Hz,IP56
S-89033,Sand Filter,Active,Filter,89,Company Z,1200x800x800 mm,300 kg,NA,NA,NA,IP65
I-89034,Industrial Mixer,Commissioning,Mixer,89,Company Y,1500x1000x2000 mm,500 kg,240 V,15 A,60 Hz,IP54
V-89035,Vacuum Pump,Operational,Pump,89,Company X,800x600x500 mm,70 kg,380 V,5 A,50 Hz,IP66
A-89036,Air Compressor,Active,Compressor,89,Company Z,1300x900x1000 mm,350 kg,415 V,20 A,50 Hz,IP55
E-80001,High Voltage Switchgear,Active,ACS,80,Company X,1200x3000x2400 mm,2000 kg,145 kV,2000 A,50 Hz,IP54
E-80002,Transformer T1,Active,Transformer,80,Company X,2500x4000x3200 mm,16000 kg,230 kV,650 A,50 Hz,IP44
E-80003,Diesel Generator Set,Active,Generator,80,Company X,3500x1500x2000 mm,8500 kg,11 kV,1200 A,50 Hz,IP23
E-80101,Power Distribution Panel PDP-1,Active,Panelboard,80,Company X,2100x800x600 mm,550 kg,11 kV,1200 A,50 Hz,IP54
E-80102,Grounding Resistor Unit,Active,Resistor,80,Company X,1000x1500x800 mm,450 kg,11 kV,10 A,50 Hz,IP23
E-80201,UPS System,Active,UPS,80,Company X,1600x800x400 mm,300 kg,400 V,100 A,50 Hz,IP20
E-80202,Capacitor Bank C1,Active,Capacitor,80,Company X,1800x1200x1200 mm,1000 kg,400 V,150 A,50 Hz,IP41
E-80301,Medium Voltage Switchgear,Active,Switchgear,80,Company X,3200x2200x2400 mm,5000 kg,36 kV,2500 A,50 Hz,IP54
E-80302,Variable Frequency Drive VFD-1,Active,VFD,80,Company X,2000x1500x700 mm,780 kg,400 V,320 A,50 Hz,IP21
E-80401,Metering and Protection Panel MPP-1,Active,Protection Panel,80,Company X,2100x800x600 mm,350 kg,400 V,200 A,50 Hz,IP52
E-81001,HV Cable for Main Distribution,Active,Cable,80,Company X,N/A,10 kg/m,145 kV,1000 A,50 Hz,NA
E-81002,Emergency Lighting System,Active,Lighting,80,Company X,N/A,5 kg/unit,230 V,10 A,50 Hz,IP65
E-81003,Power Distribution Board PDB-1,Active,Distribution Board,80,Company X,1000x2000x600 mm,400 kg,400 V,250 A,50 Hz,IP55
E-82001,Junction Box JB-1,Active,Junction Box,82,Company X,250x300x150 mm,5 kg,415 V,25 A,50 Hz,IP66
E-82002,Local Control Panel LCP-1,Active,Control Panel,82,Company X,600x800x300 mm,30 kg,24 V DC,10 A,N/A,IP65
E-83001,Instrument Air Compressor,Active,Compressor,83,Company X,1800x1600x800 mm,900 kg,400 V,20 A,50 Hz,IP55
E-83002,Gas Detector Station,Active,Gas Detector,83,Company X,200x300x150 mm,2.5 kg,24 V DC,100 mA,N/A,IP67
E-84001,CCTV Camera,Active,Camera,84,Company X,150x150x250 mm,4 kg,24 V AC,500 mA,60 Hz,IP66
E-84002,Access Control System,Active,Security System,84,Company X,1200x800x300 mm,80 kg,24 V DC,2 A,N/A,IP68
E-85001,Fire Extinguishing Panel,Active,Fire Control,85,Company X,800x600x300 mm,40 kg,N/A,N/A,N/A,IP30
E-85002,Smoke Detector,Active,Detector,85,Company X,100x100x50 mm,0.2 kg,24 V DC,250 mA,N/A,IP42
E-86001,HVAC Control Panel,Active,HVAC,86,Company X,800x600x300 mm,35 kg,230 V,5 A,50 Hz,IP54
E-86002,Chiller Unit CU-1,Active,Chiller,86,Company X,2500x1200x2000 mm,1500 kg,400 V,20 A,50 Hz,IP44
E-87001,Oil Water Separator OWS-1,Active,Separator,87,Company X,3500x2500x2200 mm,3200 kg,N/A,N/A,N/A,IP65
E-87002,Chemical Injection Skid,Active,Skid,87,Company X,5000x2000x2500 mm,5500 kg,415 V,15 A,50 Hz,IP54
E-88001,Workshop Equipment Set,Active,Workshop Equipment,88,Company X,N/A,N/A,N/A,N/A,N/A,NA
E-88002,Tool Storage Cabinet,Active,Storage,88,Company X,1000x500x2000 mm,150 kg,N/A,N/A,N/A,NA
E-88003,Portable Generator PG-1,Active,Generator,88,Company X,1200x800x600 mm,120 kg,230 V,15 A,50 Hz,IP23
E-89001,Temporary Shelter TS-1,Active,Shelter,89,Company X,5000x3000x2400 mm,2500 kg,N/A,N/A,N/A,NA
E-89002,Material Handling Cart,Active,Handling Cart,89,Company X,1200x800x600 mm,80 kg,N/A,N/A,N/A,NA
E-89003,Modular Office Furniture Set,Active,Furniture,89,Company X,N/A,N/A,N/A,N/A,N/A,NA
E-80002,Transformer T1,Active,TRF,80,Company X,1500x2500x2600 mm,10000 kg,130 kV,1500 A,50 Hz,IP55
E-80003,Generator G1,Operational,GEN,80,Company X,3500x4500x3000 mm,13000 kg,11 kV,2100 A,60 Hz,IP23
E-80004,High Voltage Cable 1,Active,CBL,80,Company X,NA,5500 kg/km,145 kV,2000 A,50 Hz,IP68
E-80005,High Voltage Panel P2,Maintenance Required,PAN,80,Company X,1100x2000x1000 mm,500 kg,100 kV,1800 A,50 Hz,IP54
E-80006,Electrical Protection Relay R1,Active,RLY,80,Company X,300x300x150 mm,5 kg,NA,NA,NA,IP40
E-80007,High Voltage Motor M1,Operational,MTR,80,Company X,2200x3000x1500 mm,8000 kg,6.6 kV,950 A,50 Hz,IP55
E-80008,UPS System 1,Active,UPS,80,Company X,600x800x1000 mm,200 kg,400 V,500 A,50 Hz,IP20
E-80009,Power Distribution Unit PDU-3,Ready for Operation,PDU,80,Company X,800x600x2000 mm,350 kg,240 V,100 A,50 Hz,IP52
E-80010,Voltage Regulator VR5,Standby,VRG,80,Company X,400x500x200 mm,20 kg,NA,NA,NA,IP00
E-81001,Intermediate Voltage Switchgear I1,Maintenance Required,ACS,81,Company X,1200x2500x2200 mm,1800 kg,69 kV,1500 A,60 Hz,IP42
E-81002,Power Factor Correction Unit PFC2,Active,PFC,81,Company X,800x1500x800 mm,250 kg,690 V,110 A,60 Hz,IP41
E-81003,Intermediate Voltage Cable 2,Active,CBL,81,Company X,NA,3800 kg/km,69 kV,1000 A,60 Hz,IP67
E-81004,Load Break Switch LBS4,Operational,LBS,81,Company X,600x800x600 mm,90 kg,15 kV,630 A,60 Hz,IP54
E-81005,Distribution Transformer DT7,Under Inspection,TRF,81,Company X,1300x2300x2400 mm,8000 kg,33 kV,500 A,50 Hz,IP23
E-81006,Gas Insulated Switchgear GIS1,Scheduled Maintenance,GIS,81,Company X,3500x4200x3000 mm,12000 kg,35 kV,1250 A,50 Hz,IP65
E-82001,Low Voltage Main Distribution Board LVMD1,Active,MD,82,Company X,2000x1500x800 mm,1200 kg,690 V,1600 A,50 Hz,IP54
E-82002,Automatic Transfer Switch ATS1,Operational,ATS,82,Company X,800x600x500 mm,50 kg,400 V,800 A,50 Hz,IP22
E-82003,Low Voltage Cable 3,Active,CBL,82,Company X,NA,1500 kg/km,0.6 kV,1200 A,50 Hz,IP68
E-82004,Battery Bank BB1,Active,BAT,82,Company X,1000x1200x800 mm,800 kg,48 V,700 A,DC,IP20
E-82005,Inverter IV1,Maintenance Required,INV,82,Company X,500x400x200 mm,25 kg,NA,NA,NA,IP21
E-82006,Variable Frequency Drive VFD2,Standby,VFD,82,Company X,600x800x300 mm,55 kg,0.4 kV,500 A,Variable,IP20
E-83001,Switchroom HVAC System 1,Active,HVAC,83,Company X,1800x2000x1000 mm,350 kg,NA,NA,NA,IP44
E-83002,Lighting Panel LP1,Operational,LP,83,Company X,800x500x200 mm,30 kg,230 V,15 A,50 Hz,IP54
E-83003,Fire Alarm Control Panel FACP1,Active,FACP,83,Company X,600x400x200 mm,15 kg,24 VDC,5 A,DC,IP30
E-83004,Portable Heater PH1,Ready for Operation,GEN,83,Company X,300x200x150 mm,5 kg,230 V,10 A,50 Hz,IP21
E-83005,Exhaust Fan EF2,Standby,FAN,83,Company X,400x400x300 mm,8 kg,230 V,0.4 A,50 Hz,IP44
E-84001,Instrument Air Compressor IAC1,Active,IAC,84,Company X,1500x1200x1000 mm,850 kg,NA,20 A,50 Hz,IP55
E-84002,Gas Detection Panel GDP2,Operational,GDP,84,Company X,600x500x250 mm,20 kg,24 VDC,2 A,DC,IP40
E-84003,Nitrogen Generator NG3,Under Inspection,GEN,84,Company X,Newtonian,2600x1500x1200 mm,500 kg,NA,NA,NA,IP54
E-84004,Chemical Injection Pump CIP4,Scheduled Maintenance,PMP,84,Area Y,500x400x300 mm,100 kg,NA,3 A,50 Hz,IP65
E-85001,Oil Pump OP1,Active,PMP,85,Company X,800x700x450 mm,120 kg,NA,15 A,50 Hz,IP55
E-85002,Water Injection Pump WIP2,Operational,PMP,85,Company X,900x800x500 mm,150 kg,NA,20 A,50 Hz,IP65
E-85003,Sampling Station SS3,Active,SMP,85,Company X,300x400x200 mm,30 kg,NA,NA,NA,IP44
E-85004,Chemical Storage Tank CST4,Maintenance Required,TANK,85,Company X,2000x2000x3000 mm,3000 kg,NA,NA,NA,IP54
E-86001,Pipe Support PS1,Active,SPT,86,Company X,Variable,Variable,NA,NA,NA,NA
E-86002,Threaded Valve TV2,Operational,VAL,86,Company X,100x150x100 mm,4 kg,NA,NA,NA,IP66
E-86003,Heat Exchanger HE3,Under Inspection,HEX,86,Company X,3000x1500x1500 mm,5000 kg,NA,NA,NA,IP54
E-86004,Flexible Hose Assembly FHA4,Standby,HOSE,86,Company X,Variable,1 kg/m,NA,NA,NA,IP00
E-87001,Control Panel CP1,Active,CNP,87,Company X,800x600x400 mm,100 kg,24 VDC,10 A,DC,IP56
E-87002,Pneumatic Actuator PA2,Operational,ACT,87,Company X,200x150x150 mm,5 kg,NA,NA,NA,IP66
E-87003,Solenoid Valve SV3,Ready for Operation,SV,87,Company X,50x80x50 mm,0.5 kg,24 VDC,1 A,DC,IP65
E-87004,Pressure Transmitter PT4,Under Inspection,PT,87,Company X,100x100x80 mm,0.8 kg,NA,4-20 mA,DC,IP67
E-88001,Foundation Bolt FB1,Active,BOLT,88,Company X,Variable,Variable,NA,NA,NA,NA
E-88002,Structural Beam SB2,Operational,BEAM,88,Company X,Variable,Variable/kg,NA,NA,NA,NA
E-88003,Handrail HR3,Standby,RAIL,88,Company X,Variable,Variable/m,NA,NA,NA,NA
E-88004,Ladder L1,Active,LAD,88,Company X,Variable,Variable/kg,NA,NA,NA,NA
E-89001,Hydraulic Power Unit HPU1,Operational,HPU,89,Company X,1500x1000x1200 mm,600 kg,NA,30 A,50 Hz,IP54
E-89002,General Purpose Container GC2,Standby,CONT,89,Company X,6000x2400x2591 mm,2300 kg,NA,NA,NA,NA
E-89003,Toolbox Kit TK3,Active,TOOL,89,Company X,1000x500x300 mm,50 kg,NA,NA,NA,NA
E-89004,Workshop Equipment WE4,Ready for Operation,EQP,89,Company X,Variable,Variable,NA,NA,NA,NA
E-89005,Office Furniture Set OFS5,Active,OFF,89,Company X,Variable,Variable,NA,NA,NA,NA
E-89006,Catering Equipment CE6,Active,CATR,89,Company X,Variable,Variable,230 V,16 A,50 Hz,IP20
E-80001,High Voltage Synchronous Generator,Active,Generator,80,Company X,3500x5000x3000 mm,12000 kg,13.8 kV,458 A,60 Hz,IP23
E-80002,High Voltage Transformer,Operational,Transformer,80,Company X,2500x8000x3500 mm,16000 kg,145 kV,1200 A,50 Hz,IP54
E-80003,High Voltage Circuit Breaker,Maintenance,Breaker,80,Company X,1600x1200x2500 mm,3200 kg,110 kV,3150 A,60 Hz,IP42
E-80004,Backup Diesel Generator,Inactive,Generator,80,Company X,3000x4430x2340 mm,8500 kg,480 V,800 A,60 Hz,IP22
E-80005,Main Power Distribution Panel,Operational,Distribution Panel,80,Company X,2000x7000x2100 mm,5000 kg,230 kV,1000 A,50 Hz,IP54
E-81001,Transformer Station Switchgear,Active,Switchgear,81,Company X,1200x3000x2400 mm,3200 kg,35 kV,630 A,50 Hz,IP54
E-81002,Switchgear Battery Unit,Maintenance,Battery,81,Company X,800x1200x600 mm,120 kg,220 V,125 A,DC,IP20
E-82001,Distribution MCC,Operational,MCC,82,Company X,1600x5000x2200 mm,4200 kg,690 V,2500 A,60 Hz,IP54
E-82002,Distribution Transformer,Operational,Transformer,82,Company X,1500x3100x3200 mm,3000 kg,35 kV,500 A,50 Hz,IP54
E-83001,Low Voltage Motor Control Center,Active,MCC,83,Area Y,2500x7000x2100 mm,3200 kg,400 V,3200 A,50 Hz,IP54
E-83002,AC/DC Power Supply,Operational,Power Supply,83,Company X,600x1200x800 mm,150 kg,24 V,60 A,DC,IP20
E-84001,Uninterruptible Power Supply System,Active,UPS,84,Company X,1200x2000x1000 mm,1000 kg,480 V,150 A,60 Hz,IP32
E-84002,UPS Battery Bank,Maintenance,Battery,84,Area Y,1200x2400x1800 mm,2000 kg,480 V,200 A,DC,IP22
E-85001,Grounding Transformer,Operational,Transformer,85,Area Y,1000x2000x1800 mm,2500 kg,6.9 kV,200 A,60 Hz,IP54
E-85002,Cathodic Protection Rectifier,Operational,Rectifier,85,Company X,800x600x400 mm,50 kg,110 V,50 A,DC,IP44
E-86001,Subsea Power Distribution Panel,Testing,Distribution Panel,86,Company X,2500x4000x1900 mm,6000 kg,690 V,800 A,60 Hz,IP68
E-86002,Subsea Power Jumper Cable,Active,Cable,86,Area Y,Dimensions vary,Weight varies,3 kV,120 A,AC,IPX8
E-87001,Solar Power Array,Active,Solar Array,87,Company X,Dimensions vary,Weight varies,48 V,Varies,DC,IP65
E-87002,Wind Turbine Generator,Active,Wind Turbine,87,Area Y,Dimensions vary,6000 kg,690 V,Varies,AC,IP55
E-88001,Energy Storage System,Operational,Battery Storage,88,Area Y,3000x5000x3000 mm,10000 kg,Voltage varies,Current varies,DC,IP54
E-88002,Energy Monitoring System,Active,Monitoring System,88,Company X,600x1200x800 mm,80 kg,230 V,10 A,50 Hz,IP20
E-89001,Plug and Abandonment Unit,Maintenance,P&A Unit,89,Area Y,15000x8000x4000 mm,55000 kg,Operates on Hydraulic Power,N/A,N/A,IP56
E-89002,Not Defined Equipment,Testing,System Equipment,89,Company X,Dimensions vary,Weight varies,Varies,Varies,Varies,IP Rating Varies
E-80001,High Voltage Switchgear,Active,Switchgear,80,Company X,1200x3000x2400 mm,2000 kg,145 kV,2000 A,50 Hz,IP54
E-80002,Transformer T-01,Operational,Transformer,80,Company X,2500x4000x3200 mm,10000 kg,145 kV,1500 A,50 Hz,IP54
E-80003,Power Distribution Panel PDP-01,Maintenance,Breaker Panel,80,Company X,2000x3000x600 mm,900 kg,33 kV,1200 A,60 Hz,IP52
E-80004,Emergency Diesel Generator Gen-01,Active,Generator,80,Company X,3500x1500x2200 mm,4500 kg,11 kV,1250 A,50 Hz,IP23
E-80005,UPS Unit U-01,Operational,UPS,80,Company X,600x800x1200 mm,250 kg,480 V,100 A,60 Hz,IP21
E-89795,Ultrasonic Flow Meter FM-2380,Active,Flow Meter,89,Company X,200x150x150 mm,5 kg,N/A,N/A,N/A,IP68
E-89796,Seawater Intake Valve V-7654,Maintenance,Valve,89,Company X,300x300x300 mm,40 kg,N/A,N/A,N/A,IP68
E-89797,Gas Detector GD-886,Maintenance,Gas Detector,89,Company X,100x100x120 mm,1.2 kg,N/A,N/A,N/A,IP67
E-89798,Atmospheric Pressure Sensor PS-1011,Inactive,Sensor,89,Company X,80x80x60 mm,0.5 kg,N/A,N/A,N/A,IP65
E-89799,Junction Box JB-3486,Operational,Junction Box,89,Company X,200x200x150 mm,3 kg,N/A,N/A,N/A,IP66
E-82999,Lube Oil Cooler OC-225,Planned,Oil Cooler,82,Company X,1000x800x1200 mm,500 kg,N/A,N/A,N/A,IP54
E-83000,Gas Compressor C-1500,Operational,Compressor,83,Company X,5000x2500x3000 mm,12000 kg,480 V,500 A,60 Hz,IP55
E-83001,Control Valve CV-125,Active,Valve,83,Company X,300x300x500 mm,50 kg,N/A,N/A,N/A,IP68
E-83002,Temperature Transmitter TT-2025,Active,Transmitter,83,Company X,150x100x80 mm,2 kg,N/A,N/A,N/A,IP67
E-83003,Pressure Transmitter PT-3112,Maintenance,Transmitter,83,Company X,150x100x80 mm,1.5 kg,N/A,N/A,N/A,IP66
E-84999,Flexible Coupling FC-884,Operational,Coupling,84,Company X,400x200x200 mm,10 kg,N/A,N/A,N/A,IP00
E-85000,Hydraulic Power Unit HPU-4775,Maintenance,Hydraulic Unit,85,Company X,2000x1500x1800 mm,1500 kg,380 V,100 A,50 Hz,IP54
E-85001,Ballast Water Treatment System BWTS-892,Active,Treatment System,85,Company X,4000x2000x2200 mm,6000 kg,440 V,150 A,60 Hz,IP55
E-85002,Nitrogen Generator N2G-318,Active,Generator,85,Company X,2500x1500x2000 mm,2200 kg,415 V,130 A,50 Hz,IP54
E-85003,Chemical Injection Skid CIS-487,Operational,Injection Skid,85,Company X,3200x2400x1800 mm,2800 kg,415 V,110 A,50 Hz,IP65
E-86999,Actuator ACT-9954,Operational,Actuator,86,Company X,300x150x150 mm,12 kg,N/A,N/A,N/A,IP66
E-87000,Filtration Unit FU-8833,Planned,Filter,87,Company X,800x600x900 mm,200 kg,N/A,N/A,N/A,IP54
E-87001,Sedimentation Tank ST-9448,Operational,Tank,87,Company X,10000x8000x6000 mm,15000 kg,N/A,N/A,N/A,IP00
E-87002,Waste Compactor WC-5125,Maintenance,Compactor,87,Company X,1500x1200x1800 mm,850 kg,440 V,40 A,60 Hz,IP55
E-87003,Hazardous Material Storage HMS-2277,Active,Storage,87,Company X,2000x2000x2000 mm,800 kg,N/A,N/A,N/A,IP54
...E-88999,Tool Crib TC-9987,Active,Storage,88,Company X,2500x2500x2500 mm,1200 kg,N/A,N/A,N/A,IP54
E-89000,Workbench WB-5000,Operational,Furniture,89,Company X,1200x800x900 mm,100 kg,N/A,N/A,N/A,IP00
E-89001,Office Container OC-450,Active,Container,89,Company X,6000x2450x2600 mm,3000 kg,N/A,N/A,N/A,IP55
E-89002,Safety Shower SS-321,Operational,Safety Equipment,89,Company X,900x900x2200 mm,50 kg,N/A,N/A,N/A,IP34
E-89003,Drinking Fountain DF-214,Maintenance,Hydration Station,89,Company X,300x300x1200 mm,40 kg,N/A,N/A,N/A,IP34
